{"cameraMode":{"drawMode":0,"name":"Shaded","section":"Shading Mode"},"sceneLighting":true,"audioPlay":false,"sceneViewState":{"showFog":true,"showMaterialUpdate":false,"showSkybox":true,"showFlares":true,"showImageEffects":true,"showParticleSystems":true},"in2DMode":false,"pivot":{"x":0.05065065622329712,"y":1.5145039558410645,"z":-0.09054446220397949},"rotation":{"x":-0.007116464897990227,"y":-0.9907459616661072,"z":0.1227913573384285,"w":-0.05742141976952553},"size":2.3310952186584474,"orthographic":false}