{"cameraMode":{"drawMode":0,"name":"Shaded","section":"Shading Mode"},"sceneLighting":false,"audioPlay":false,"sceneViewState":{"showFog":true,"showMaterialUpdate":false,"showSkybox":true,"showFlares":true,"showImageEffects":true,"showParticleSystems":true},"in2DMode":false,"pivot":{"x":-0.2898038923740387,"y":0.2079700231552124,"z":-2.1385433673858644},"rotation":{"x":0.0035201862920075657,"y":-0.9934736490249634,"z":0.10953272134065628,"w":0.03190881386399269},"size":5.641261577606201,"orthographic":false}