{"cameraMode":{"drawMode":0,"name":"Shaded","section":"Shading Mode"},"sceneLighting":false,"audioPlay":false,"sceneViewState":{"showFog":true,"showMaterialUpdate":false,"showSkybox":false,"showFlares":true,"showImageEffects":true,"showParticleSystems":true},"in2DMode":false,"pivot":{"x":0.008783578872680664,"y":0.8875225782394409,"z":-0.044925980269908908},"rotation":{"x":-0.03416799008846283,"y":0.9657672643661499,"z":-0.1760493814945221,"w":-0.18743844330310822},"size":3.90702486038208,"orthographic":false}