{"cameraMode":{"drawMode":0,"name":"Shaded","section":"Shading Mode"},"sceneLighting":true,"audioPlay":false,"sceneViewState":{"showFog":true,"showMaterialUpdate":false,"showSkybox":true,"showFlares":true,"showImageEffects":true,"showParticleSystems":true},"in2DMode":false,"pivot":{"x":-1.3077392578125,"y":1.3896484375,"z":-0.8447265625},"rotation":{"x":-0.008691258728504181,"y":-0.9911196231842041,"z":0.08344992250204086,"w":-0.1032525971531868},"size":4.738166809082031,"orthographic":true}