{"cameraMode":{"drawMode":0,"name":"Shaded","section":"Shading Mode"},"sceneLighting":false,"audioPlay":false,"sceneViewState":{"showFog":true,"showMaterialUpdate":false,"showSkybox":false,"showFlares":true,"showImageEffects":true,"showParticleSystems":true},"in2DMode":false,"pivot":{"x":-1.4278100728988648,"y":0.7767114639282227,"z":-0.08709492534399033},"rotation":{"x":-0.008691258728504181,"y":-0.9911196231842041,"z":0.08344992250204086,"w":-0.1032525971531868},"size":2.624011754989624,"orthographic":true}