{"cameraMode":{"drawMode":0,"name":"Shaded","section":"Shading Mode"},"sceneLighting":true,"audioPlay":false,"sceneViewState":{"showFog":true,"showMaterialUpdate":false,"showSkybox":true,"showFlares":true,"showImageEffects":true,"showParticleSystems":true},"in2DMode":false,"pivot":{"x":0.10720495879650116,"y":1.3636822700500489,"z":-0.8869401216506958},"rotation":{"x":0.007377762347459793,"y":0.9921719431877136,"z":-0.10186439752578736,"w":0.07186028361320496},"size":1.5073950290679932,"orthographic":false}