{"cameraMode":{"drawMode":0,"name":"Shaded","section":"Shading Mode"},"sceneLighting":true,"audioPlay":false,"sceneViewState":{"showFog":true,"showMaterialUpdate":false,"showSkybox":true,"showFlares":true,"showImageEffects":true,"showParticleSystems":true},"in2DMode":false,"pivot":{"x":-0.0105743408203125,"y":1.6389312744140626,"z":-0.04840087890625},"rotation":{"x":0.06321200728416443,"y":-0.04190927743911743,"z":0.0026566782034933569,"w":0.9971232414245606},"size":0.2793419659137726,"orthographic":true}