{"cameraMode":{"drawMode":0,"name":"Shaded","section":"Shading Mode"},"sceneLighting":true,"audioPlay":false,"sceneViewState":{"showFog":true,"showMaterialUpdate":false,"showSkybox":true,"showFlares":true,"showImageEffects":true,"showParticleSystems":true},"in2DMode":false,"pivot":{"x":5.336827278137207,"y":1.329502820968628,"z":4.098721504211426},"rotation":{"x":0.04993655905127525,"y":0.8293243646621704,"z":-0.07510048151016236,"w":0.5514447689056397},"size":12.964821815490723,"orthographic":false}