{"cameraMode":{"drawMode":0,"name":"Shaded","section":"Shading Mode"},"sceneLighting":true,"audioPlay":false,"sceneViewState":{"showFog":true,"showMaterialUpdate":false,"showSkybox":true,"showFlares":true,"showImageEffects":true,"showParticleSystems":true},"in2DMode":false,"pivot":{"x":42.068016052246097,"y":-0.5101196765899658,"z":92.78439331054688},"rotation":{"x":0.1826016902923584,"y":-0.2850247323513031,"z":0.055406685918569568,"w":0.9393355250358582},"size":8.27741813659668,"orthographic":false}